position_m,T_hot_K,T_hot_C,T_cold_K,T_cold_C,h_cold_J_kg,x_cold
0.0,580.0,306.85,420.0,146.85000000000002,621473.3698013063,0.0
0.05,579.4368484099854,306.2868484099854,423.71853497634226,150.56853497634228,637423.7092503416,0.0
0.1,578.8845991752704,305.73459917527043,427.3461282209387,154.1961282209387,653018.0522814018,0.0
0.15000000000000002,578.3432961463437,305.19329614634376,430.8835042043655,157.73350420436554,668258.7227842858,0.0
0.2,577.812954016401,304.66295401640105,434.33156460719243,161.18156460719246,683148.7078381663,0.0
0.25,577.293525101197,304.14352510119704,437.69159896997803,164.54159896997805,697692.5850818485,0.0
0.30000000000000004,576.7849826273874,303.63498262738744,440.96473994302914,167.81473994302917,711894.1824293158,0.0
0.35000000000000003,576.2872806086257,303.1372806086257,444.15222419733146,171.0022241973315,725757.7126011717,0.0
0.4,575.8003487151451,302.6503487151451,447.2554227510882,174.1054227510882,739287.9174131508,0.0
0.45,575.3240985241255,302.1740985241255,450.27579828369414,177.12579828369417,752489.894668743,0.0
0.5,574.8584263674114,301.70842636741145,453.21488511797406,180.0648851179741,765369.0218100563,0.0
0.55,574.4032154594134,301.25321545941347,456.0742742748483,182.9242742748483,777930.9005139762,0.0
0.6000000000000001,573.9583376973285,300.8083376973285,458.85560098488605,185.70560098488608,790181.3110027091,0.0
0.65,573.5236552462577,300.3736552462577,461.56053387803337,188.4105338780334,802126.172753995,0.0
0.7000000000000001,573.0990219558005,299.9490219558005,464.19076550988234,191.04076550988236,813771.5101831568,0.0
0.75,572.6842846334115,299.5342846334115,466.74800402645707,193.5980040264571,825123.4224901068,0.0
0.8,572.2792841913507,299.12928419135073,469.2339658282054,196.0839658282054,836188.0571199214,0.0
0.8500000000000001,571.8838566800783,298.73385668007836,471.6503691231731,198.50036912317313,846971.586412005,0.0
0.9,571.4978342187678,298.34783421876784,473.9989282764263,200.8489282764263,857480.1870864078,0.0
0.9500000000000001,571.1210458322277,297.9710458322277,476.2813488743615,203.13134887436155,867720.0222649903,0.0
1.0,570.7533182025385,297.6033182025385,478.4993234314357,205.34932343143572,877697.2257616312,0.0
1.05,570.39447634293,297.24447634293006,480.6545276740537,207.50452767405375,887417.8884049384,0.0
1.1,570.0443442007685,296.8943442007685,482.7486173426456,209.59861734264564,896888.0461815561,0.0
1.1500000000000001,569.7027451959488,296.5527451959488,484.78322545841246,211.63322545841248,906113.6700095418,0.0
1.2000000000000002,569.3695027004658,296.2195027004658,486.7599600062982,213.6099600062982,915100.6569702025,0.0
1.25,569.0444404644677,295.8944404644677,488.68040199016156,215.53040199016158,923854.8228436727,0.0
1.3,568.7273829936552,295.5773829936552,490.5461038203449,217.39610382034493,932381.8958087295,0.0
1.35,568.4181558824906,295.26815588249065,492.3585879974976,219.2085879974976,940687.5111810528,0.0
1.4000000000000001,568.1165861073075,294.96658610730753,494.1193460600236,220.9693460600236,948777.2070765588,0.0
1.4500000000000002,567.8225022830668,294.6725022830668,495.82983776564447,222.6798377656445,956656.4208976559,0.0
1.5,567.5357348871883,294.3857348871883,497.49149048038413,224.34149048038415,964330.4865504387,0.0
1.55,567.2561164535919,294.1061164535919,499.10569875094546,225.9556987509455,971804.6323100419,0.0
1.6,566.983481739813,293.833481739813,500.6738240388508,227.52382403885082,979083.9792596914,0.0
1.6500000000000001,566.7176678698063,293.5676678698063,502.1971945967352,229.0471945967352,986173.5402365167,0.0
1.7000000000000002,566.4585144548233,293.30851445482335,503.6771054693397,230.52710546933974,993078.2192240009,0.0
1.75,566.2058636945379,293.05586369453795,505.1148186034039,231.9648186034039,999802.8111370805,0.0
1.8,565.959560460401,292.80956046040103,506.51156305228005,233.36156305228008,1006352.0019514604,0.0
1.85,565.7194523630277,292.5694523630277,507.8685352625692,234.71853526256922,1012730.3691337209,0.0
1.9000000000000001,565.4853898052577,292.3353898052577,509.1868994315837,236.03689943158372,1018942.3823333136,0.0
1.9500000000000002,565.2572260223819,292.10722602238195,510.46778792511645,237.31778792511648,1024992.4043015983,0.0
2.0,565.0348171108902,291.88481711089025,511.7123017468184,238.56230174681843,1030884.6920067827,0.0
2.0500000000000003,564.8180220469728,291.66802204697285,512.921511050798,239.77151105079804,1036623.3979168938,0.0
2.1,564.6067026958935,291.45670269589357,514.0964556903766,240.94645569037664,1042212.5714259201,0.0
2.15,564.4007238132483,291.2507238132483,515.2381457964449,242.0881457964449,1047656.160400927,0.0
2.2,564.1999530390297,291.0499530390297,516.3475623798117,243.19756237981176,1052958.0128303766,0.0
2.25,564.0042608853299,290.85426088532995,517.4256579523943,244.27565795239434,1058121.8785560434,0.0
2.3000000000000003,563.813520718438,290.663520718438,518.4733571628125,245.3233571628125,1063151.411072877,0.0
2.35,563.6276087360123,290.47760873601237,519.4915574423696,246.34155744236966,1068050.1693829182,0.0
2.4000000000000004,563.4464039399483,290.2964039399483,520.481129657976,247.33112965797602,1072821.6198909492,0.0
2.45,563.2697881054975,290.1197881054975,521.4429187688794,248.29291876887942,1077469.138330983,0.0
2.5,563.0976457471435,289.9476457471435,522.3777444845623,249.22774448456232,1081996.0117139625,0.0
2.5500000000000003,562.9298640816882,289.7798640816882,523.2864019213924,250.13640192139246,1086405.4402881877,0.0
2.6,562.7663329889589,289.6163329889589,524.1696622560264,251.01966225602644,1090700.539505012,0.0
2.6500000000000004,562.6069449705057,289.4569449705057,525.0282733737239,251.8782733737239,1094884.3419832683,0.0
2.7,562.4515951066207,289.30159510662077,525.8629605100961,252.71296051009608,1098959.7994667105,0.0
2.75,562.300181011978,289.150181011978,526.6744268849216,253.52442688492158,1102929.7847694939,0.0
2.8000000000000003,562.1526027901613,289.0026027901613,527.4633543269334,254.31335432693345,1106797.0937053743,0.0
2.85,562.008762987321,288.85876298732103,528.2304038886203,255.08040388862037,1110564.4469969058,0.0
2.9000000000000004,561.8685665451744,288.71856654517444,528.9762164502322,255.8262164502322,1114234.4921614344,0.0
2.95,561.7319207535409,288.5819207535409,529.7014133123483,256.55141331234836,1117809.8053711664,0.0
3.0,561.598735202584,288.448735202584,530.4065967764781,257.2565967764781,1121292.893285007,0.0
3.0500000000000003,561.4689217349128,288.3189217349128,531.0923507132478,257.94235071324783,1124686.194850237,0.0
3.1,561.3423943976778,288.19239439767784,531.7592411178535,258.60924111785357,1127992.083072437,0.0
3.1500000000000004,561.2190693947807,288.06906939478074,532.4078166525594,259.2578166525594,1131212.8667523602,0.0
3.2,561.0988650393049,287.9488650393049,533.0386091760171,259.8886091760171,1134350.7921887205,0.0
3.25,560.9817017062594,287.8317017062594,533.6521342593715,260.5021342593715,1137408.0448460986,0.0
3.3000000000000003,560.8675017857186,287.7175017857186,534.2488916890558,261.0988916890558,1140386.750987372,0.0
3.35,560.7561896364282,287.6061896364282,534.8293659562992,261.6793659562992,1143288.9792702612,0.0
3.4000000000000004,560.6476915399405,287.49769153994055,535.3940267334193,262.24402673341933,1146116.7423077496,0.0
3.45,560.5419356553324,287.3919356553324,535.9433293369624,262.7933293369624,1148871.998192263,0.0
3.5,560.4388519745515,287.28885197455156,536.4777151778101,263.3277151778101,1151556.651983637,0.0
3.5500000000000003,560.3383722784309,287.18837227843096,536.9976121984404,263.8476121984404,1154172.5571609954,0.0
3.6,560.2404300934039,287.09043009340394,537.090721954165,263.94072195416504,1156721.5170387672,0.0012686582247148407
3.6500000000000004,560.1104795997163,286.96047959971634,537.090721954165,263.94072195416504,1160102.3581411338,0.003330695178193782
3.7,559.9812622349375,286.8312622349375,537.090721954165,263.94072195416504,1163462.6261659681,0.0053801842346158195
3.75,559.8527744153442,286.70277441534427,537.090721954165,263.94072195416504,1166802.4441525708,0.007417200437905464
3.8000000000000003,559.7250125635572,286.57501256355727,537.090721954165,263.94072195416504,1170121.9344958935,0.009441818438987089
3.85,559.5979731087596,286.4479731087596,537.090721954165,263.94072195416504,1173421.218948208,0.011454112496802693
3.9000000000000004,559.4716524869096,286.32165248690967,537.090721954165,263.94072195416504,1176700.4186208015,0.013454156479346153
3.95,559.3460471409488,286.19604714094885,537.090721954165,263.94072195416504,1179959.653985703,0.015442023864715911
4.0,559.2211535210039,286.0711535210039,537.090721954165,263.94072195416504,1183199.0448774355,0.017417787742184165
4.05,559.0969680845838,285.9469680845838,537.090721954165,263.94072195416504,1186418.7104947967,0.019381520813282087
4.1000000000000005,558.9734872967722,285.8234872967722,537.090721954165,263.94072195416504,1189618.7694026625,0.02133329539290066
4.15,558.8507076304143,285.7007076304143,537.090721954165,263.94072195416504,1192799.3395338196,0.023273183410408002
4.2,558.728625566299,285.578625566299,537.090721954165,263.94072195416504,1195960.5381908198,0.025201256410780453
4.25,558.6072375933365,285.4572375933366,537.090721954165,263.94072195416504,1199102.4820478593,0.027117585555748728
4.3,558.4865402087307,285.33654020873075,537.090721954165,263.94072195416504,1202225.2871526808,0.02902224162495796
4.3500000000000005,558.3665299181473,285.21652991814733,537.090721954165,263.94072195416504,1205329.0689284978,0.030915295017141697
4.4,558.2472032358772,285.09720323587726,537.090721954165,263.94072195416504,1208413.942175941,0.03279681575130864
4.45,558.1285566849958,284.97855668499585,537.090721954165,263.94072195416504,1211480.021075025,0.03466687346794235
4.5,558.0105867975175,284.8605867975175,537.090721954165,263.94072195416504,1214527.4191871358,0.03652553743021368
4.55,557.8932901145457,284.74329011454574,537.090721954165,263.94072195416504,1217556.2494570382,0.03837287652520476
4.6000000000000005,557.7766631864195,284.6266631864195,537.090721954165,263.94072195416504,1220566.624214902,0.04020895926514489
4.65,557.6607025728551,284.51070257285517,537.090721954165,263.94072195416504,1223558.6551783467,0.04203385378865777
4.7,557.5454048430846,284.39540484308463,537.090721954165,263.94072195416504,1226532.453454503,0.04384762786201901
4.75,557.4307665759887,284.28076657598876,537.090721954165,263.94072195416504,1229488.1295420942,0.04565034888042494
4.800000000000001,557.316784360228,284.166784360228,537.090721954165,263.94072195416504,1232425.7933335307,0.047442083869271
4.8500000000000005,557.2034547943682,284.05345479436824,537.090721954165,263.94072195416504,1235345.5541170235,0.049222899485440126
4.9,557.0907744870033,283.9407744870033,537.090721954165,263.94072195416504,1238247.5205787118,0.05099286201860059
4.95,556.9787400568737,283.8287400568737,537.090721954165,263.94072195416504,1241131.8008048052,0.05275203739251277
5.0,556.8673481329818,283.7173481329818,537.090721954165,263.94072195416504,1243998.5022837417,0.05450049116634494
