node,x_m,T_hot_C,T_cold_C,dQ_W,U_W_m2K,h_hot_W_m2K,h_cold_W_m2K,Re_hot,Re_cold
1,0.40546289062499996,747.7607612902077,402.84697797180297,17431.43676314996,19549.43679273668,2527861.0011206185,1321392.5341368208,20324910.843174987,95259317.41071293
2,0.8109257812499999,745.5540297956273,405.6526290360508,17178.36905347539,19549.717616359238,2527124.7993961005,1322878.415514205,20356338.70129231,95029730.53918365
3,1.2163886718749999,743.3793344847588,408.4175075980004,16928.968716001433,19549.995323997806,2526397.917390977,1324350.8628500246,20387424.052313663,94804335.63574933
4,1.6218515624999998,741.2362108573949,411.14216503213845,16683.18488750319,19550.269838113523,2525680.254160688,1325809.4433208085,20418169.21533354,94583060.78183769
5,2.027314453125,739.1242008825303,413.82714928396683,16440.967188680894,19550.541093267537,2524971.709343719,1327253.7775351624,20448576.533499196,94365833.89351964
6,2.4327773437499998,737.0428529343345,416.4730045152256,16202.265739221933,19550.80903501759,2524272.1831786097,1328683.5351021555,20478648.372474447,94152582.91709146
7,2.8382402343749997,734.9917217264526,419.0802707886485,15967.031170796923,19551.073618910083,2523581.5765196644,1330098.4305637286,20508387.118955586,93943235.99983117
8,3.2437031249999997,732.9703682448774,421.64948378869803,15735.214638177544,19551.334809559216,2522899.7908515106,1331498.2196599909,20537795.179237537,93737721.63872285
9,3.6491660156249996,730.9783596796096,424.1811745750475,15506.767828646918,19551.592579805583,2522226.728302526,1332882.695898607,20566874.97782769,93535968.80954967
10,4.05462890625,729.0152693553086,426.6758693658645,15281.642969858289,19551.846909947253,2521562.2916572476,1334251.68740242,20595628.956105597,93337907.07854223
11,4.460091796875,727.0806766611113,429.134089348217,15059.792836283974,19552.097787036986,2520906.384367791,1335605.0540114543,20624059.571026403,93143466.69847542
12,4.8655546874999995,725.1741669797864,431.55635051315926,14841.17075438391,19552.345204239817,2520258.9105643486,1336942.6846180276,20652169.29386635,92952578.69097626
13,5.271017578124999,723.2953316163728,433.94316351327257,14625.730606611984,19552.5891602458,2519619.775064851,1338264.494715168,20679960.609008875,92765174.9165354
14,5.6764804687499995,721.4437677264365,436.2950335406325,14413.426834367732,19552.829658733113,2518988.8833837826,1339570.4241408033,20707436.01276931,92581188.13364437
15,6.081943359375,719.6190782440697,438.61246022335354,14204.214439991698,19553.066707877144,2518366.141740266,1340860.4350010415,20734598.0122573,92400552.04820411
16,6.487406249999999,717.8208718097438,440.89593753902443,13998.048987894213,19553.300319901708,2517751.4570654016,1342134.5097583218,20761449.124275126,92223201.3544
17,6.892869140624999,716.0487626981169,443.1459537434955,13794.886604899373,19553.530510668617,2517144.737008947,1343392.64947027,20787991.87425105,92049071.76790152
18,7.298332031249999,714.3023707458859,445.36299131361443,13594.683979879122,19553.757299302502,2516545.8899453455,1344634.872167435,20814228.795206204,91878100.05235118
19,7.703794921875,712.5813212797676,447.5475269026274,13397.398362745587,19553.98070784769,2515954.824979153,1345861.2113583551,20840162.426754113,91710224.0398646
20,8.1092578125,710.8852450446818,449.70003130707744,13202.9875628642,19554.200760954627,2515371.4519498874,1347071.7146517995,20865795.31413173,91545382.64626542
21,8.514720703124999,709.2137781322042,451.8209694441299,13011.409946944497,19554.4174855931,2514795.681436354,1348266.4424866464,20891130.007260997,91383515.88165317
22,8.92018359375,707.5665619093488,453.9108003383494,12822.624436460743,19554.630910790227,2514227.424760435,1349445.4669608814,20916169.05984002,91224564.85687335
23,9.325646484375,705.9432429477355,455.9699771170366,12636.59050464995,19554.841067390935,2513666.5939904186,1350608.8707517623,20940915.02846306,91068471.78637666
24,9.731109374999999,704.3434729531897,457.9989470133098,12453.268173130826,19555.04798783913,2513113.101943848,1351756.746119961,20965370.47176824,90915179.98791331
25,10.136572265624999,702.7669086958198,459.99815137618737,12272.618008183397,19555.251705977844,2512566.862189958,1352889.1939910552,20989537.94961265,90764633.87945704
26,10.542035156249998,701.213211940609,461.9680256869883,12094.601116725678,19555.45225686668,2512027.7890516724,1354006.3231083166,21013420.022273466,90616778.97371322
27,10.947498046875,699.6820493785583,463.9089995814312,11919.179142020594,19555.649676615165,2511495.7976072407,1355108.2492510944,21037019.249675054,90471561.87050678
28,11.352960937499999,698.1730925584104,465.82149687686,11746.314259143568,19555.84400223072,2510970.8036914747,1356195.0945139686,21060338.190640792,90328930.2473749
29,11.758423828124998,696.6860178189816,467.7059356040787,11575.969170238566,19556.03527147995,2510452.7238966464,1357266.9866416643,21083379.402169216,90188832.848566
30,12.16388671875,695.2205062221259,469.56272804331707,11408.10709958786,19556.223522762186,2509941.475573061,1358324.0584155612,21106145.438734107,90051219.47269142
31,12.569349609375,693.7762434863528,471.39228076389406,11242.6917885189,19556.40879499432,2509436.976829285,1359366.4470879547,21128638.85160722,89916040.95924924
32,12.974812499999999,692.352919921116,473.19499466717946,11079.687490169286,19556.591127505857,2508939.146532098,1360394.2938601386,21150862.188203886,89783249.17415154
33,13.380275390624998,690.9502303617897,474.9712650324915,10919.058964129435,19556.770559943478,2508447.9043061403,1361407.7434011698,21172817.99145034,89652796.99444813
34,13.785738281249998,689.5678741053448,476.7214815655964,10760.77147098042,19556.947132184287,2507963.1705332957,1362406.943404203,21194508.79917259,89524638.2923832
35,14.191201171874999,688.2055548467381,478.44602844950646,10604.79076674328,19557.12088425696,2507484.866351806,1363392.0441775583,21215937.14350598,89398727.91891077
36,14.596664062499999,686.8629806160226,480.1452843972986,10451.083097254519,19557.29185627025,2507012.913655147,1364363.1982676866,21237105.55032531,89275021.6867456
37,15.002126953124998,685.539863716187,481.8196227066983,10299.615192481227,19557.460088348147,2506547.2350906655,1365320.5601120258,21258016.538694788,89153476.35311323
38,15.40758984375,684.2359206617311,483.46941131619735,10150.35426078813,19557.62562057121,2506087.7540579825,1366264.2857191532,21278672.620337352,89034049.60222639
39,15.813052734374999,682.9508721179814,485.0950128624936,10003.26798316777,19557.78849292356,2505634.3947072057,1367194.532374422,21299076.29912303,88916700.02760479
40,16.218515625,681.6844428411498,486.6967847390574,9858.324507443964,19557.94874524496,2505187.081936914,1368111.4583689212,21319230.0705758,88801387.11426264
41,16.623978515624998,680.4363616191399,488.275079155649,9715.49244245789,19558.10641718776,2504745.74139196,1369015.222750445,21339136.421398398,88688071.2208941
42,17.029441406249997,679.2063612130986,489.83024319862466,9574.740852245235,19558.261548178107,2504310.299461099,1369905.9850943584,21358797.82901508,88576713.56202877
43,17.434904296874997,677.9941782997164,491.36261889188415,9436.039250212045,19558.414177381215,2503880.6832744204,1370783.9052932414,21378216.76113132,88467276.19026403
44,17.8403671875,676.7995534142739,492.87254325832555,9299.357593316307,19558.564343670227,2503456.8207006357,1371649.1433637096,21397395.675310533,88359721.97857927
45,18.245830078125,675.6222308944334,494.36034838168405,9164.66627626157,19558.71208559853,2503038.640344189,1372501.859269305,21416337.018567186,88254014.60279211
46,18.65129296875,674.4619588247733,495.82636146864456,9031.936125708346,19558.857441375065,2502626.0715422328,1373342.2127581786,21435043.226976067,88150118.52417362
47,19.056755859375,673.3184889820628,497.27090491112483,8901.138394508407,19559.000448842515,2502219.0443614493,1374170.3632143752,21453516.72529705,88047998.97223109
48,19.462218749999998,672.1915767812727,498.6942963486383,8772.244755966867,19559.141145458056,2501817.4895947454,1374986.469522038,21471759.926615432,87947621.9277344
49,19.867681640624998,671.0809812223185,500.09684873065237,8645.227298136027,19559.279568276517,2501421.3387578097,1375790.6899412398,21489775.2319971,87848954.10594636
50,20.273144531249997,669.9864648375315,501.47887037886517,8520.058518144948,19559.415753935657,2501030.5240855557,1376583.1819947772,21507565.030158293,87751962.94010773
51,20.678607421874997,668.9077936398522,502.84066504933355,8396.711316568133,19559.549738643454,2500644.9785284405,1377364.1023650484,21525131.697149653,87656616.5651749
52,21.084070312499996,667.8447370717423,504.18253199438846,8275.158991836377,19559.68155816725,2500264.6357486807,1378133.6068003399,21542477.596054353,87562883.8018358
53,21.489533203125,666.7970679548063,505.5047660242817,8155.375234692518,19559.81124782449,2499889.4301163605,1378891.85002982,21559605.07669949,87470734.14080721
54,21.89499609375,665.7645624401201,506.8076575685137,8037.334122694509,19559.938842475054,2499519.2967054425,1379638.985686476,21576516.475381132,87380137.72740391
55,22.300458984375,664.7469999592593,508.0914927367962,7921.0101147680025,19560.0643765149,2499154.171289681,1380375.1662376337,21593214.114602,87291065.34641984
56,22.705921874999998,663.7441631760179,509.35655337960804,7806.378045810355,19560.187883871058,2498793.9903384508,1381100.5429222938,21609700.302821968,87203488.40729162
57,23.111384765624997,662.7558379388153,510.60311714830857,7693.4131213476685,19560.30939799771,2498438.6910124947,1381815.265694853,21625977.33422079,87117378.92955919
58,23.516847656249997,661.7818132337803,511.8314575547744,7582.0909122464045,19560.42895187337,2498088.2111595906,1382519.4831748866,21642047.48847301,87032709.52864847
59,23.922310546874996,660.8218811385082,513.041844030531,7472.387349480791,19560.546577998994,2497742.4893101365,1383213.3426022197,21657913.030534256,86949453.40192479
60,24.3277734375,659.8758367764807,514.2345419853531,7364.2787189571345,19560.66230839699,2497401.464672684,1383896.9897973246,21673576.21043942,86867584.3150854
61,24.733236328125,658.9434782721445,515.4098128653093,7257.741656395917,19560.776174610975,2497065.0771293854,1384570.569126119,21689039.263111528,86787076.58880453
62,25.13869921875,658.0246067066378,516.5679142102341,7152.753142272537,19560.88820770631,2496733.2672313955,1385234.2234693945,21704304.40818182,86707905.085721
63,25.544162109374998,657.1190260741597,517.7090997106056,7049.2904968172015,19560.99843827124,2496405.9761942094,1385888.094196187,21719373.84982019,86630045.19770736
64,25.949624999999997,656.2265432389736,518.8336192638166,6947.331375074625,19561.106896418634,2496083.1458929433,1386532.3211407233,21734249.776576012,86553472.83340958
65,26.355087890624997,655.3469678930363,519.9417190298242,6846.8537620238,19561.21361178827,2495764.7188575785,1387167.0425830826,21748934.36122903,86478164.40611856
66,26.760550781249997,654.480112514247,521.0336414861678,6747.83596775819,19561.318613549574,2495450.6382681406,1387792.3952327736,21763429.76064996,86404096.82188621
67,27.166013671874996,653.6257923253067,522.1096254823451,6650.256622726554,19561.42193040482,2495140.847949854,1388408.5142154747,21777738.11567068,86331247.46795772
68,27.571476562499996,652.7838252531807,523.169906293539,6554.094673034455,19561.523590592667,2494835.2923682383,1389015.533062319,21791861.55096355,86259594.20145564
69,27.976939453125,651.9540318891562,524.2147156736887,6459.329375806509,19561.623621892104,2494533.9166241833,1389613.5837018418,21805802.174929798,86189115.33836101
70,28.382402343749998,651.1362354494888,525.2442819079004,6365.940294609306,19561.722051626635,2494236.6664489885,1390202.7964540054,21819562.07959692,86119789.64272738
71,28.787865234374998,650.3302617366271,526.2588298641938,6273.907294934923,19561.818906668792,2493943.4881993625,1390783.3000266918,21833143.340524033,86051596.31620996
72,29.193328124999997,649.5359391010106,527.2585810445822,6183.21053974478,19561.914213444838,2493654.3288524,1391355.2215138196,21846548.016716078,85984514.98780178
73,29.598791015624997,648.7530984034316,528.2437536354843,6093.830485073714,19562.007997939734,2493369.1360005406,1391918.6863954763,21859778.150545802,85918525.70385559
74,30.004253906249996,647.9815729779536,529.214562557467,6005.74787569387,19562.100285702232,2493087.8578464924,1392473.8185396313,21872835.76768348,85853608.91834149
75,30.409716796874996,647.2211985953791,530.1712195143211,5918.943740838172,19562.191101850163,2492810.443198148,1393020.7402053848,21885722.877034493,85789745.48335055
76,30.8151796875,646.4718134272586,531.1139330414688,5833.399389982991,19562.28047107587,2492536.841463473,1393559.572047633,21898441.470684048,85726916.63983785
77,31.220642578125,645.7332580104335,532.0429085537071,5749.096408689561,19562.3684176517,2492267.0026453855,1394090.4331229609,21910993.523849137,85665104.00859025
78,31.626105468749998,645.0053752121058,532.9583483922876,5666.01665450374,19562.454965435692,2492000.877336626,1394613.4408967525,21923380.99483755,85604289.58142866
79,32.031568359374994,644.2880101954265,533.8604518713378,5584.1422529136835,19562.540137877233,2491738.416714602,1395128.7112513913,21935605.825013343,85544455.71263447
80,32.43703125,643.5810103855953,534.749415323626,5503.455593364861,19562.623958022836,2491479.5725362445,1395636.358495341,21947669.93876917,85485585.11057936
81,32.842494140625,642.8842254364652,535.6254321456745,5423.939325331962,19562.70644852199,2491224.2971328446,1396136.4953732241,21959575.243504725,85427660.82958175
82,33.247957031249996,642.1975071976441,536.4886928422266,5345.576354447136,19562.787631632986,2490972.543404888,1396629.2330766544,21971323.62961138,85370666.26196285
83,33.653419921875,641.5207096820865,537.3393850700697,5268.349838683984,19562.867529228806,2490724.2648168863,1397114.6812557569,21982916.970462747,85314585.13029641
84,34.058882812499995,640.8536890341672,538.1776936812239,5192.243184596818,19562.946162803022,2490479.4153922186,1397592.9480314737,21994357.122411106,85259401.47987482
85,34.464345703125,640.1963034982322,539.003800765497,5117.240043614461,19563.023553475683,2490237.9497079537,1398064.1400083543,22005645.924789168,85205099.67134811
86,34.869808593749994,639.5484133876172,539.817885692416,5043.324308388132,19563.099721999202,2489999.822889695,1398528.3622878434,22016785.19991747,85151664.37354596
87,35.275271484375,638.9098810541295,540.6201251525384,4970.480109192733,19563.17468876424,2489764.9906064193,1398985.7184822613,22027776.753116865,85099080.55651215
88,35.680734375,638.2805708579839,541.4106931981511,4898.69181038094,19563.248473805543,2489533.409065322,1399436.3107289046,22038622.37272593,85047333.48467094
89,36.086197265624996,637.660349138188,542.1897612833626,4827.9440068894555,19563.321096807776,2489305.035006677,1399880.2397048303,22049323.83012355,84996408.71021165
90,36.49166015625,637.0490841833697,542.9574983035958,4758.221520796829,19563.392577111317,2489079.8256986924,1400317.6046417276,22059882.879755825,84946292.06660482
91,36.897123046874995,636.4466462030389,543.7140706344878,4689.509397932208,19563.462933717983,2488857.738932394,1400748.5033412187,22070301.25916779,84896969.66230261
92,37.3025859375,635.8529072992798,544.4596421702041,4621.792904534333,19563.53218529676,2488638.7330165026,1401173.0321903804,22080580.689039346,84848427.87459418
93,37.708048828124994,635.2677414388646,545.1943743611733,4555.057523960203,19563.60035018943,2488422.7667723405,1401591.2861774534,22090722.873225566,84800653.34361158
94,38.11351171875,634.6910244257846,545.9184262512509,4489.288953442738,19563.667446416195,2488209.799528743,1402003.3589077336,22100729.49880086,84753632.96648754
95,38.51897460937499,634.1226338741899,546.6319545143178,4424.4731008967965,19563.733491681203,2487999.791116983,1402409.3426196987,22110602.236107226,84707353.89167134
96,38.924437499999996,633.5624491817349,547.3351134903222,4360.596081772897,19563.798503378035,2487792.701865723,1402809.3282011393,22120342.738806155,84661803.51337186
97,39.329900390625,633.0103515033204,548.0280552207704,4297.644215958046,19563.862498595132,2487588.492595972,1403203.4052054388,22129952.64393427,84616969.46614622
98,39.735363281249995,632.4662237252284,548.7109294836762,4235.604024722989,19563.92549412114,2487387.1246160753,1403591.6618679538,22139433.571962327,84572839.61962938
99,40.140826171875,631.9299504396427,549.3838838279736,4174.462227715266,19563.987506450205,2487188.5597167127,1403974.1851224222,22148787.126857698,84529402.07339124
100,40.546289062499994,631.4014179195501,550.0470636074019,4114.205739997447,19564.048551787197,2486992.760165918,1404351.0606173454,22158014.896149922,84486645.15191539
