x_m,T_hot_C,T_cold_C,cold_superheat_C,H_hot_Jkg,H_cold_Jkg,quality,cold_phase
0.0,579.9999999999377,263.94072195416504,0.0,3530620.8814864974,2745934.7223870074,0.9705589197785326,boiling
0.05,577.8789068246843,263.94072195416504,0.0,3525011.375833283,2731465.343415627,0.9617337803444453,boiling
0.1,575.7984347225128,263.94072195416504,0.0,3519501.0032279436,2716931.343771861,0.952869227577882,boiling
0.15000000000000002,573.7583630517124,263.94072195416504,0.0,3514089.4574052277,2702332.217677965,0.9439649529957255,boiling
0.2,571.7583492776862,263.94072195416504,0.0,3508776.1138609704,2687667.455147076,0.9350206455476413,boiling
0.25,569.7979461524671,263.94072195416504,0.0,3503560.0727388966,2672936.5419490244,0.926035991595224,boiling
0.30000000000000004,567.8766167757664,263.94072195416504,0.0,3498440.196455129,2658138.9595759567,0.91701067489103,boiling
0.35000000000000003,565.9937477503639,263.94072195416504,0.0,3493415.1425833753,2643274.185207774,0.9079443765574989,boiling
0.4,564.14866062027,263.94072195416504,0.0,3488483.392462235,2628341.691677385,0.8988367750657598,boiling
0.45,562.3406217600849,263.94072195416504,0.0,3483643.275935688,2613340.9474357744,0.8896875462143253,boiling
0.5,560.5688508654963,263.94072195416504,0.0,3478892.9925916344,2598271.4165168884,0.8804963631076763,boiling
0.55,558.8325281771936,263.94072195416504,0.0,3474230.6298187803,2583132.5585023384,0.8712628961347323,boiling
0.6000000000000001,557.1308005529761,263.94072195416504,0.0,3469654.1779581127,2567923.8284859224,0.8619868129472138,boiling
0.65,555.459168888542,263.94072195416504,0.0,3465151.7916620667,2552644.6770379674,0.8526677784378929,boiling
0.7000000000000001,553.7995459761481,263.94072195416504,0.0,3460674.874228564,2537294.5501694907,0.8433054547187355,boiling
0.75,552.1518539279945,263.94072195416504,0.0,3456223.2255362575,2521872.889296186,0.8338995010989353,boiling
0.8,550.5160151936707,263.94072195416504,0.0,3451796.646972383,2506379.13120223,0.8244495740628386,boiling
0.8500000000000001,548.8919525609055,263.94072195416504,0.0,3447394.9414245123,2490812.708003915,0.8149553272477638,boiling
0.9,547.2795891562839,263.94072195416504,0.0,3443017.913272287,2475173.047113106,0.805416411421713,boiling
0.9500000000000001,545.6788484459206,263.94072195416504,0.0,3438665.368379132,2459459.5712005277,0.7958324744609796,boiling
1.0,544.089654236106,263.94072195416504,0.0,3434337.114083948,2443671.6981588765,0.78620316132765,boiling
1.05,542.511930673905,263.94072195416504,0.0,3430032.9591927924,2427808.8410657644,0.7765281140470026,boiling
1.1,540.9456022477304,263.94072195416504,0.0,3425752.7139705396,2411870.4081464945,0.7668069716848034,boiling
1.1500000000000001,539.390593787875,263.94072195416504,0.0,3421496.1901325304,2395855.802736669,0.7570393703245003,boiling
1.2000000000000002,537.846830467014,263.94072195416504,0.0,3417263.2008362077,2379764.423244632,0.7472249430443164,boiling
1.25,536.3142378006639,263.94072195416504,0.0,3413053.560672739,2363595.66311375,0.7373633198942438,boiling
1.3,534.7927416476207,263.94072195416504,0.0,3408867.085658631,2347348.910784529,0.727454127872938,boiling
1.35,533.2822682103566,263.94072195416504,0.0,3404703.5932273334,2331023.549656572,0.7174969909045154,boiling
1.4000000000000001,531.7827440353827,263.94072195416504,0.0,3400562.902220837,2314618.9580503786,0.707491529815255,boiling
1.4500000000000002,530.2940960135868,263.94072195416504,0.0,3396444.83288126,2298134.5091689904,0.6974373623102034,boiling
1.5,528.816251380534,263.94072195416504,0.0,3392349.206842438,2281569.5710594794,0.687334102949687,boiling
1.55,527.3491377167383,263.94072195416504,0.0,3388275.8471214995,2264923.5065742857,0.6771813631257315,boiling
1.6,525.8926829479024,263.94072195416504,0.0,3384224.578110446,2248195.673332406,0.6669787510383891,boiling
1.6500000000000001,524.4468153451302,263.94072195416504,0.0,3380195.225567728,2231385.423680435,0.6567258716719773,boiling
1.7000000000000002,523.011463525108,263.94072195416504,0.0,3376187.6166098164,2214492.104653457,0.6464223267712267,boiling
1.75,521.5865564502562,263.94072195416504,0.0,3372201.5797027834,2197515.057935804,0.6360677148173451,boiling
1.8,520.1720234288558,263.94072195416504,0.0,3368236.944653874,2180453.619821662,0.6256616310039922,boiling
1.85,518.7677941151427,263.94072195416504,0.0,3364293.542603087,2163307.121175549,0.6152036672131733,boiling
1.9000000000000001,517.3737985093766,263.94072195416504,0.0,3360371.206014761,2146074.887392652,0.6046934119910489,boiling
1.9500000000000002,515.9899669578883,263.94072195416504,0.0,3356469.768669156,2128756.2383590336,0.5941304505236625,boiling
2.0,514.6162301530928,263.94072195416504,0.0,3352589.065654053,2111350.4884117073,0.5835143646125923,boiling
2.0500000000000003,513.2525191334789,263.94072195416504,0.0,3348728.9333563494,2093856.946298588,0.5728447326505218,boiling
2.1,511.8987652835805,263.94072195416504,0.0,3344889.2094536694,2076274.9151383168,0.5621211295967375,boiling
2.15,510.5549003339139,263.94072195416504,0.0,3341069.7329059793,2058603.6923799643,0.551343126952551,boiling
2.2,509.2208563608957,263.94072195416504,0.0,3337270.343947214,2040842.569762617,0.5405102927366501,boiling
2.25,507.8965657867393,263.94072195416504,0.0,3333490.884076913,2022990.8332748474,0.5296221914603785,boiling
2.3000000000000003,506.5819613793236,263.94072195416504,0.0,3329731.1960518686,2005047.7631140738,0.5186783841029486,boiling
2.35,505.27697625204314,263.94072195416504,0.0,3325991.1238777875,1987012.6336458107,0.5076784280865883,boiling
2.4000000000000004,503.98154386363285,263.94072195416504,0.0,3322270.5128009627,1968884.7133628149,0.49662187725162243,boiling
2.45,502.69559801797504,263.94072195416504,0.0,3318569.209299962,1950663.2648441293,0.4855082818314938,boiling
2.5,501.4190728638845,263.94072195416504,0.0,3314887.061077331,1932347.5447140294,0.4743371884277231,boiling
2.5500000000000003,500.15190289486725,263.94072195416504,0.0,3311223.917051311,1913936.8036008752,0.4631081399848123,boiling
2.6,498.8940229488702,263.94072195416504,0.0,3307579.627347574,1895430.2860958728,0.45182067576509277,boiling
2.6500000000000004,497.6453682079998,263.94072195416504,0.0,3303954.043290975,1876827.230711749,0.44047433132351976,boiling
2.7,496.4058741982327,263.94072195416504,0.0,3300347.017397322,1858126.869841344,0.4290686384824174,boiling
2.75,495.17547678909443,263.94072195416504,0.0,3296758.4033651673,1839328.4297161233,0.4176031253061748,boiling
2.8000000000000003,493.9541121933346,263.94072195416504,0.0,3293188.0560676134,1820431.1303646176,0.40607731607589725,boiling
2.85,492.7417169665699,263.94072195416504,0.0,3289635.831544144,1801434.1855707904,0.39449073126401407,boiling
2.9000000000000004,491.5382280069207,263.94072195416504,0.0,3286101.586992474,1782336.8028323404,0.3828428875088463,boiling
2.95,490.34358255462666,263.94072195416504,0.0,3282585.1807604195,1763138.183318941,0.3711332975891367,boiling
3.0,489.15771819164206,263.94072195416504,0.0,3279086.4723377954,1743837.5218304235,0.3593614703985444,boiling
3.0500000000000003,487.9805728412206,263.94072195416504,0.0,3275605.32234833,1724434.006754908,0.3475269109201083,boiling
3.1,486.812084767481,263.94072195416504,0.0,3272141.5925416066,1704926.8200268846,0.3356291202006801,boiling
3.1500000000000004,485.65219257495676,263.94072195416504,0.0,3268695.145785027,1685315.1370852522,0.32366759532533157,boiling
3.2,484.50083520813337,263.94072195416504,0.0,3265265.8460558048,1665598.1268313194,0.311641829391738,boiling
3.25,483.3579519509649,263.94072195416504,0.0,3261853.5584329762,1645774.9515867706,0.2995513114845416,boiling
3.3000000000000003,482.2234824263853,263.94072195416504,0.0,3258458.149089446,1625844.7670516043,0.28739552664969686,boiling
3.35,481.0973665957953,263.94072195416504,0.0,3255079.4852840505,1605806.7222620482,0.2751739558688022,boiling
3.4000000000000004,479.9795447585419,263.94072195416504,0.0,3251717.4353536563,1585659.9595484554,0.26288607603342046,boiling
3.45,478.8699575513824,263.94072195416504,0.0,3248371.8687052806,1565403.6144931884,0.25053135991939113,boiling
3.5,477.7685459479321,263.94072195416504,0.0,3245042.655808242,1545036.8158884957,0.23810927616113875,boiling
3.5500000000000003,476.6752512581048,263.94072195416504,0.0,3241729.66818634,1524558.6856943849,0.22561928922597904,boiling
3.6,475.5900151275338,263.94072195416504,0.0,3238432.778410062,1503968.338996502,0.2130608593884286,boiling
3.6500000000000004,474.5127795369855,263.94072195416504,0.0,3235151.8600888234,1483264.8839640184,0.200433442704519,boiling
3.7,473.44348680175756,263.94072195416504,0.0,3231886.7878632317,1462447.421807532,0.18773649098612077,boiling
3.75,472.38207957106704,263.94072195416504,0.0,3228637.4373973873,1441515.046736992,0.1749694517752804,boiling
3.8000000000000003,471.32850082742107,263.94072195416504,0.0,3225403.685371211,1420466.845919648,0.1621317683185726,boiling
3.85,470.28269388598426,263.94072195416504,0.0,3222185.4094728036,1399301.8994380333,0.149222879541474,boiling
3.9000000000000004,469.2446023939292,263.94072195416504,0.0,3218982.4883908383,1378019.2802479875,0.13624222002275987,boiling
3.95,468.2141703297734,263.94072195416504,0.0,3215794.8018069845,1356618.0541367226,0.12318921996892834,boiling
4.0,467.1913420027115,263.94072195416504,0.0,3212622.230388362,1335097.2796809436,0.11006330518865708,boiling
4.05,466.176062051931,263.94072195416504,0.0,3209464.655780032,1313456.008205024,0.09686389706729387,boiling
4.1000000000000005,465.168275445919,263.94072195416504,0.0,3206321.960597516,1291693.2837392483,0.0835904125413878,boiling
4.15,464.16792748175976,263.94072195416504,0.0,3203194.0284193545,1269808.1429781236,0.0702422640732631,boiling
4.2,463.1749637844167,263.94072195416504,0.0,3200080.7437796914,1247799.6152387704,0.05681885962564048,boiling
4.25,462.18933030601227,263.94072195416504,0.0,3196981.9921609,1225666.7224193963,0.04331960263630987,boiling
4.3,461.210973325087,263.94072195416504,0.0,3193897.659986239,1203408.4789578628,0.029743891992859296,boiling
4.3500000000000005,460.2398394458578,263.94072195416504,0.0,3190827.6346125435,1181023.8917903488,0.016091122007463,boiling
4.4,459.2758755974613,263.94072195416504,0.0,3187771.8043229524,1158511.9603101194,0.0023606823917339983,boiling
4.45,458.3190290331862,260.14538538034003,0.0,3184730.058319669,1135629.7010067808,0.0,subcooled
4.5,457.3692473297002,255.43690751672113,0.0,3181702.286716759,1112317.8871425109,0.0,subcooled
4.55,456.42647838626294,250.5810321141172,0.0,3178688.380532982,1088566.4704222432,0.0,subcooled
4.6000000000000005,455.490670423932,245.57599323547697,0.0,3175688.2316846596,1064365.8877895079,0.0,subcooled
4.65,454.56177198475825,240.4201071708194,0.0,3172701.732978582,1039707.1371838057,0.0,subcooled
4.7,453.6397319309707,235.11180966161868,0.0,3169728.7781049456,1014581.8678250378,0.0,subcooled
4.75,452.7244994441529,229.64969658371223,0.0,3166769.261630332,988982.4864061995,0.0,subcooled
4.800000000000001,451.81602402441183,224.03256863951384,0.0,3163823.0789907216,962902.2807958296,0.0,subcooled
4.8500000000000005,450.91425548953396,218.25948062881002,0.0,3160890.126484544,936335.5630745424,0.0,subcooled
4.9,450.01914397413555,212.32979588832853,0.0,3157970.301265765,909277.8339609632,0.0,subcooled
4.95,449.13063992879927,206.24324651294518,0.0,3155063.501337012,881725.970934265,0.0,subcooled
5.0,448.2486941192079,200.0000000000067,0.0,3152169.6255427357,853678.4426681934,0.0,subcooled
