x_m,P_hot_MPa,P_cold_MPa,cold_cumulative_dP_kPa,T_hot_C,T_cold_C,T_sat_cold_C,cold_superheat_C,H_hot_Jkg,H_cold_Jkg,H_f_cold_Jkg,H_g_cold_Jkg,H_fg_cold_Jkg,quality,cold_phase
0.0,15.0,4.9725192608049475,27.480739195057282,579.9999999999377,319.656171944951,263.59647982639854,56.05969211855245,3530620.8814864974,2986090.8686362603,1152914.8322730253,2794431.145772159,1641516.3134991338,1.0,superheated_vapor
0.05,14.994102430832426,4.973146230610704,26.853769389300627,577.8578708139252,317.7821620465428,263.60434985346285,54.177812193079944,3525011.375833283,2980621.5985780656,1152954.2908719212,2794426.0170083,1641471.7261363787,1.0,superheated_vapor
0.1,14.988226852073677,4.973769061076806,26.230938923198675,575.7563081801356,315.8804396154444,263.61216717098057,52.26827244446383,3519501.4029308488,2975031.391799258,1152993.4859196222,2794420.9209467066,1641427.4350270843,1.0,superheated_vapor
0.15000000000000002,14.982372854598339,4.9743876744154045,25.612325584599507,573.6950942119897,313.9512143363286,263.6199308178334,50.331283518495184,3514090.653242309,2969317.33942786,1153032.4125825693,2794415.858247291,1641383.4456647215,1.0,superheated_vapor
0.2,14.976540029902928,4.975001991659913,24.99800834009097,571.6738889942097,311.99475278511534,263.6276398183753,48.367112966740024,3508778.4984288504,2963476.4342875355,1153071.0659541248,2794410.8295800234,1641339.7636258986,1.0,superheated_vapor
0.25,14.970727971506976,4.975611932668978,24.38806733102546,569.6922477990906,310.0113834438338,263.6352931824815,46.37609026135226,3503564.03442115,2957505.564823495,1153109.4410547845,2794405.8356249,1641296.3945701157,1.0,superheated_vapor
0.30000000000000004,14.964936276168919,4.97621741613285,23.782583867154617,567.7496361789,308.0015021925309,263.6428899056292,44.35861228690169,3498446.1192046576,2951401.5083739823,1153147.5328325923,2794400.877071889,1641253.3442392969,1.0,superheated_vapor
0.35000000000000003,14.959164544939268,4.976818359582525,23.18164041747878,565.8454431482459,305.96557835676685,263.65042896901286,42.31514938775399,3493423.4058456724,2945160.9236686896,1153185.3361637301,2794395.954620859,1641210.618457129,1.0,superheated_vapor
0.4,14.953412384071308,4.977414679402192,22.585320597812323,563.9789926458147,303.9041614118594,263.6579093396982,40.246252072161155,3488494.37122332,2938780.342402393,1153222.8458532693,2794391.068981474,1641168.2231282045,1.0,superheated_vapor
0.45,14.947679405807627,4.9780062908455776,21.99370915442723,562.1495534447887,301.81788847543964,263.6653299708279,38.15255850461176,3483657.3408819064,2932256.1596877137,1153260.0566362378,2794386.2208730574,1641126.1642368196,1.0,superheated_vapor
0.5,14.941965229059061,4.978593108057054,21.406891942950715,560.35634766275,299.7074927606999,263.6726898018844,36.034802958815476,3478910.5103717563,2925584.6231312533,1153296.963178905,2794381.4110244233,1641084.4478455184,1.0,superheated_vapor
0.55,14.936269479991074,4.979175044098562,20.824955901442564,558.5985580041369,297.57381321727587,263.67998775902595,33.89382545824992,3474251.9634019295,2918761.8201968344,1153333.560080469,2794376.640173642,1641043.080093173,1.0,superheated_vapor
0.6000000000000001,14.93059179253124,4.979752010983764,20.24798901624132,556.8753338508716,295.4178056594702,263.68722275551306,31.730582903957156,3469679.687084132,2911783.663410923,1153369.8418752349,2794371.9090677695,1641002.0671925347,1.0,superheated_vapor
0.65,14.924931808810314,4.980323919721287,19.676080278717574,554.4484822423847,293.24055577793297,263.69439369224824,29.546162085684728,3463205.4050666457,2904645.8728186856,1153405.8030352702,2794367.218462477,1640961.4154272068,1.0,superheated_vapor
0.7000000000000001,14.919297785544138,4.9808906803695345,19.10931963046973,552.0455104247053,291.0432945575702,263.70149945845935,27.34179509911087,3456781.848944745,2897343.954901718,1153441.437973881,2794362.569121607,1640921.1311477262,1.0,superheated_vapor
0.75,14.913689522478414,4.981452202106309,18.547797893695872,549.666639839572,288.82741678910077,263.7085389325698,25.118877856530958,3450409.6335836397,2889873.1769037503,1153476.7410499547,2794357.961816591,1640881.2207666365,1.0,superheated_vapor
0.8,14.908106816054225,4.982008393317587,17.991606682416897,547.3117886953619,286.5945035722955,263.71551098330656,22.878992588988922,3444088.564205158,2882228.535157966,1153511.7065735306,2794353.397325711,1640841.6907521803,1.0,superheated_vapor
0.8500000000000001,14.902549462927325,4.98255916171116,17.440838288843143,544.9808071291739,284.3463499725244,263.7224144711188,20.62393550140564,3437818.266734996,2874404.715544375,1153546.3288129051,2794348.8764331676,1640802.5476202625,1.0,superheated_vapor
0.9,14.89701726075779,4.983104414462607,16.895585537395764,542.6735153190191,282.0849993116112,263.72924825000257,18.355751061608657,3431598.2895685597,2866396.0436008633,1153580.6020038193,2794344.3999278652,1640763.797924046,1.0,superheated_vapor
0.9500000000000001,14.891510008558933,4.983644058403355,16.355941596647728,540.3897172186228,279.8127859419178,263.7360111698496,16.076774772068234,3425428.1401033862,2858196.4210416446,1153614.5203612135,2794339.968601859,1640725.4482406457,1.0,superheated_vapor
1.0,14.88602750688788,4.984178000263302,15.821999736699794,538.1292070439579,277.53238874137594,263.74270207948007,13.789686661895871,3419307.3019123613,2849799.244487113,1153648.0780944552,2794335.583248347,1640687.5051538919,1.0,superheated_vapor
1.05,14.880569557961627,4.984706146983709,15.29385301629348,535.8917728348474,275.2468979110091,263.7493198305526,11.497578080456492,3413235.2441187445,2841197.3010931173,1153681.2694269707,2794331.2446590927,1640649.975232122,1.0,superheated_vapor
1.1,14.875135965732301,4.985228406119519,14.771593880483973,533.6771986112177,272.95989782357435,263.75586328259385,9.204034540980501,3407211.4270307575,2832382.6345587014,1153714.088621471,2794326.9536210913,1640612.8649996202,1.0,superheated_vapor
1.1500000000000001,14.869726535937822,4.985744686353557,14.25531364644642,531.4852657711388,270.6755684236008,263.7623313094274,6.913237114173398,3401235.305761466,2823346.3738729404,1153746.5300122157,2794322.710912328,1640576.1809001125,1.0,superheated_vapor
1.2000000000000002,14.864341076136656,4.986254898147033,13.745101852970421,529.3157540441531,268.39880661853954,263.7687228073049,4.630083811234613,3395306.332668808,2814078.516501023,1153778.588045818,2794318.51729641,1640539.9292505921,1.0,superheated_vapor
1.25,14.858979395731815,4.986751554024266,13.248445975736754,527.1684421666364,263.77494400830085,263.77494400830085,0.0,3389423.9590592165,2792488.9372251714,1153809.7923797925,2794314.434360049,1640504.6419802567,0.9988872343983896,boiling
1.3,14.853641305987221,4.987237013088086,12.762986911917356,525.0431083744277,263.7810244984952,263.7810244984952,0.0,3383587.636407758,2771034.2319045775,1153840.2913778517,2794310.4427642715,1640470.1513864198,0.985811256096295,boiling
1.35,14.848326620038595,4.9877114211866385,12.288578813364955,522.9395307702682,263.7869661358395,263.7869661358395,0.0,3377796.817247363,2749587.1301322193,1153870.0943291455,2794306.541358003,1640436.4470288574,0.9727393211076363,boiling
1.4000000000000001,14.84303515290025,4.9881748739562335,11.825126043770165,520.8574876024525,263.79277014823447,263.79277014823447,0.0,3372050.9558234536,2728104.5216049203,1153899.2073636723,2794302.7294012695,1640403.5220375971,0.9596451684557942,boiling
1.4500000000000002,14.83776672146883,4.9886274597212745,11.37254027872831,518.7967574785408,263.79843767097475,263.79843767097475,0.0,3366349.508577034,2706562.1463725725,1153927.6361479,2794299.0062126457,1640371.3700647457,0.9465140263715952,boiling
1.5,14.832521144524746,4.989069261241787,10.93073875821629,516.7571195303182,263.8039697686827,263.8039697686827,0.0,3360691.934498803,2684943.9259654568,1153955.3859947685,2794295.3711549467,1640339.9851601783,0.9333361094780532,boiling
1.55,14.82729824273183,4.989500357668103,10.499642331900473,514.7383535411973,263.8093674598242,263.8093674598242,0.0,3355077.695383754,2663238.168360276,1153982.461986604,2794291.823619217,1640309.3616326132,0.9201043057338268,boiling
1.6,14.822097838635692,4.9899208258541465,10.07917414585648,512.7402400440337,263.81463173318207,263.81463173318207,0.0,3349506.256007018,2641435.8243756457,1154008.8690577445,2794288.3630139576,1640279.4939562131,0.9068131137397537,boiling
1.6500000000000001,14.81691975666108,4.990330741281243,9.669258718760691,510.7625603950695,263.81976355944755,263.81976355944755,0.0,3343977.0842358223,2619529.5625281637,1154034.612052637,2794284.9887575703,1640250.3767049334,0.8934580788937422,boiling
1.7000000000000002,14.811763823108542,4.990730178738258,9.269821261746092,508.8050968281759,263.824763899755,263.824763899755,0.0,3338489.6510882718,2597513.2292407095,1154059.6957686546,2794281.70027279,1640222.0045041356,0.8800354644116808,boiling
1.75,14.806629866150603,4.991119212843073,8.880787156930307,506.8676324924496,263.8296337122289,263.8296337122289,0.0,3333043.430746687,2575381.5116295945,1154084.1249889082,2794278.4969824124,1640194.3719935042,0.8665420458145037,boiling
1.8,14.801517715827687,4.991497918456971,8.502081543033526,504.9499514753958,263.83437395718477,263.83437395718477,0.0,3327637.90053102,2553129.715626103,1154107.904508323,2794275.3783059125,1640167.4737975895,0.8529749757069204,boiling
1.85,14.796427204043924,4.991866371024558,8.133628975446467,503.0518388132987,263.8389856014004,263.8389856014004,0.0,3322272.5408361675,2530753.6138791176,1154131.0391550648,2794272.3436566647,1640141.3045015999,0.8393316910840044,boiling
1.9000000000000001,14.79135816456302,4.992224646860705,7.7753531392993125,501.1730804899021,263.8434696217182,263.8434696217182,0.0,3316946.83503568,2508249.3379606996,1154153.533808564,2794269.3924396015,1640115.8586310374,0.8256098476374495,boiling
1.9500000000000002,14.786310433004314,4.992572823399046,7.427176600958338,499.31346342412724,263.847827008169,263.847827008169,0.0,3311660.2693532463,2485613.299823895,1154175.393415232,2794266.5240491773,1640091.1306339453,0.8118072718886186,boiling
2.0,14.7812838468392,4.992910979412252,7.089020587751733,497.47277544721146,263.85205876673865,263.85205876673865,0.0,3306412.3327023895,2462842.1332158246,1154196.623002268,2794263.737867581,1640067.1148653133,0.7979219254823156,boiling
2.0500000000000003,14.77627824538801,4.993239195211408,6.7608047885961255,495.6508052693828,263.856165921875,263.856165921875,0.0,3301202.5164939403,2439932.649085308,1154217.2276902704,2794261.033263106,1640043.8055728355,0.7839518780085036,boiling
2.1,14.771293469817516,4.993557552829875,6.442447170128647,493.84734243587525,263.8601495187993,263.8601495187993,0.0,3296030.3144100355,2416881.801040592,1154237.2127047947,2794258.409588651,1640021.196883856,0.7698952859480731,boiling
2.15,14.766329363139212,4.993866136195722,6.133863804281962,492.0621772718598,263.8640106256736,263.8640106256736,0.0,3290895.222142549,2393686.6581750787,1154256.5833872382,2794255.866180314,1639999.282793076,0.755750376108075,boiling
2.2,14.761385770208474,4.994165031295828,5.834968704176329,490.29510081557123,263.86775033566494,263.86775033566494,0.0,3285796.737092983,2370344.3833936653,1154275.345205169,2794253.402356057,1639978.057150888,0.7415154324083805,boiling
2.25,14.756462537724836,4.9944543263341314,5.54567366587199,488.545904738608,263.87136976893487,263.87136976893487,0.0,3280734.358029883,2346852.215912243,1154293.5037623106,2794251.0174144194,1639957.5136521088,0.7271887852107581,boiling
2.3000000000000003,14.751559514233504,4.994734111885994,5.265888114009715,486.8143812520814,263.8748700745813,263.8748700745813,0.0,3275707.5846987404,2323207.456969202,1154311.0648082618,2794248.710633253,1639937.6458249914,0.7127688026046333,boiling
2.35,14.746676550128328,4.995004481050282,4.995518949721564,485.10032299687,263.87825243255134,263.87825243255134,0.0,3270715.917378045,2299407.4580415087,1154328.0342480866,2794246.481268494,1639918.4470204073,0.6982538832183601,boiling
2.4000000000000004,14.741813497656478,4.995265529600548,4.734470399454358,483.4035229158135,263.88151805554264,263.88151805554264,0.0,3265758.8563736263,2275449.6110369535,1154344.4181518601,2794244.3285529255,1639899.9104010654,0.6836424502339952,boiling
2.45,14.736970210925055,4.995517356136463,4.482643863539871,481.72377410512604,263.8846681909081,263.8846681909081,0.0,3260835.9014415396,2251331.340062642,1154360.2227641898,2794242.2516949475,1639882.0289307577,0.6689329463618207,boiling
2.5,14.73214654590995,4.995760062236517,4.239937763485605,480.0608696416141,263.8877041225775,263.8877041225775,0.0,3255946.551127455,2227050.0944634075,1154375.454513863,2794240.249877332,1639864.7953634688,0.6541238295879088,boiling
2.5500000000000003,14.727342360467324,4.995993752612942,4.006247387060138,478.4146023814951,263.89062717300476,263.89062717300476,0.0,3251090.302007608,2202603.3428929844,1154390.1200236,2794238.322255963,1639848.202232363,0.639213569550174,boiling
2.6,14.722557514348079,4.996218535269686,3.78146473031597,476.78476472550085,263.8934387051562,263.8934387051562,0.0,3246266.647812746,2177988.5682325517,1154404.226120013,2794236.4679585514,1639832.2418385383,0.6242006444298972,boiling
2.6500000000000004,14.717791869215848,4.996434521664265,3.565478335736317,475.17114834365054,263.8961401245456,263.8961401245456,0.0,3241475.078411835,2153203.2632104564,1154417.7798438305,2794234.686083315,1639816.9062394844,0.6090835382695827,boiling
2.7,14.71304528866908,4.996641826874287,3.3581731257145573,473.5735438512892,263.89873288132856,263.89873288132856,0.0,3236715.078626296,2128244.9266069797,1154430.7884603536,2794232.975697624,1639802.1872372704,0.5938607386463503,boiling
2.75,14.708317638267934,4.9968405697694225,3.159430230578672,471.9917404257584,263.9012184724654,263.9012184724654,0.0,3231986.126837688,2103111.059951267,1154443.2594703357,2794231.3358365986,1639788.076366263,0.5785307346441743,boiling
2.8000000000000003,14.703608785566821,4.997030873189641,2.9691268103596054,470.42552535001323,263.90359844396244,263.90359844396244,0.0,3227287.6933414037,2077799.1646357675,1154455.2006211877,2794229.765501662,1639774.5648804745,0.5630920150794531,boiling
2.85,14.698918600153723,4.997212864130527,2.7871358694727686,468.8746834655158,263.90587439320177,263.90587439320177,0.0,3222619.238385121,2052306.7393879353,1154466.619918679,2794228.263659023,1639761.6437403443,0.5475430669431057,boiling
2.9000000000000004,14.694246953697531,4.997386673936565,2.6133260634358524,467.33899651124807,263.90804797137184,263.90804797137184,0.0,3217980.209812018,2026631.2780505032,1154477.5256390974,2794226.829238108,1639749.3035990105,0.5318823740294664,boiling
2.95,14.689593720005115,4.997552438503318,2.4475614966828565,465.8182423182358,263.91012088600826,263.91012088600826,0.0,3213370.040203075,2000770.2676309806,1154487.9263419975,2794225.461129907,1639737.5347879096,0.5161084157279139,boiling
3.0,14.68495877509021,4.997710298489548,2.2897015104523275,464.31219381847154,263.9120949036608,263.9120949036608,0.0,3208788.1433769716,1974721.1865887342,1154497.8308835719,2794224.1581852464,1639726.3273016745,0.5002196659578662,boiling
3.0500000000000003,14.680341997256788,4.997860399540376,2.139600459624745,462.820617812346,263.9139718526975,263.9139718526975,0.0,3204233.9100553575,1948481.5033344496,1154507.2484306959,2794222.9192129737,1639715.6707822778,0.48421459223169067,boiling
3.1,14.675743267200449,4.998002892522744,1.9971074772565691,461.34327341719495,263.9157536262629,263.9157536262629,0.0,3199706.702427997,1922048.674922282,1154516.1884757674,2794221.742978022,1639705.5545022546,0.46809165483342235,boiling
3.1500000000000004,14.671162468132426,4.998137933774598,1.8620662254021023,459.8799100879396,263.9174421854093,263.9174421854093,0.0,3195205.847244313,1895420.145919844,1154524.6608523969,2794220.628199392,1639695.9673469951,0.45184930610411,boiling
3.2,14.666599485932364,4.998265685369377,1.734314630623062,458.4302650529313,263.9190395624188,263.9190395624188,0.0,3190730.626894916,1868593.3474455804,1154532.6757520633,2794219.5735479835,1639686.8977959203,0.4354859898273036,boiling
3.25,14.66205420933836,4.998386315397648,1.6136846023517104,456.99405993386097,263.9205478643397,263.9205478643397,0.0,3186280.2676942176,1841565.696367245,1154540.2437418383,2794218.5776442885,1639678.3339024503,0.41900014071069624,boiling
3.3000000000000003,14.657526530185926,4.998499998268014,1.5000017319861443,455.57099619979624,263.92196927676525,263.92196927676525,0.0,3181853.9241719944,1814334.5946593226,1154547.3757833506,2794217.6390559482,1639670.2632725977,0.40239018396242116,boiling
3.35,14.653016343712707,4.998606915029757,1.393084970241992,454.16074890852724,263.9233060678838,263.9233060678838,0.0,3177450.6575145037,1786897.428921569,1154554.08325306,2794216.756295098,1639662.673042038,0.3856545349631782,boiling
3.4000000000000004,14.648523548953456,4.998707253720155,1.292746279844883,452.7629578482814,263.924560592838,263.924560592838,0.0,3173069.405145007,1759251.57006559,1154560.3779641439,2794215.927815529,1639655.5498513852,0.36879159903813585,boiling
3.45,14.644048049262507,4.998801209739902,1.1987902600974962,451.3772145754084,263.92573529843435,263.92573529843435,0.0,3168708.936348081,1731394.3731819105,1154566.272190097,2794215.1520096217,1639648.8798195247,0.35179977133598545,boiling
3.5,14.63958975302238,4.99888898626084,1.1110137391596162,450.0030426527493,263.9268327282597,263.9268327282597,0.0,3164367.784827045,1703323.1776066658,1154571.778690385,2794214.4272049954,1639642.6485146105,0.33467743682649825,boiling
3.5500000000000003,14.635148574635464,4.998970794671007,1.0292053289918774,448.63986591553726,263.9278555282614,263.9278555282614,0.0,3160044.140745622,1675035.307215513,1154576.910738446,2794213.751660871,1639636.8409224248,0.31742297043305523,boiling
3.6,14.630724435969134,4.9990468550632325,0.9531449367669582,447.28695390278176,263.92880645287426,263.92880645287426,0.0,3155735.6656991527,1646528.070983414,1154581.6821523842,2794213.12356405,1639631.4414116659,0.30003473732333474,boiling
3.6500000000000004,14.626317268578543,4.99911739677495,0.8826032250501304,445.9433186523171,263.92968837178705,263.92968837178705,0.0,3151439.143993693,1617798.7638638688,1154586.107328937,2794212.541024499,1639626.4336955622,0.2825110933902758,boiling
3.7,14.621927017395993,4.999182658988945,0.8173410110544115,444.6074892111782,263.9305042774703,263.9305042774703,0.0,3147149.7236392214,1588844.6680618925,1154590.2012812048,2794212.0020704037,1639621.8007891988,0.2648503859680739,boiling
3.75,14.617553647614615,4.999242891407424,0.7571085925755185,443.2768749203118,263.9312572936228,263.9312572936228,0.0,3142858.7825751025,1559663.0548046003,1154593.9796810371,2794211.5046426384,1639617.5249616012,0.2470509548457343,boiling
3.8000000000000003,14.613197160559071,4.99929835501551,0.7016449844893399,441.9438426436459,263.931950684733,263.931950684733,0.0,3138540.8667199323,1530251.1867566449,1154597.4589069732,2794211.0465884833,1639613.58768151,0.22911113366708769,boiling
3.85,14.6088576646326,4.999349322955551,0.6506770444485771,441.3592964035237,263.93258786702836,263.93258786702836,0.0,3136687.2952455487,1500606.3212933552,1154600.6560991749,2794210.625654434,1639609.969555259,0.21102925184581164,boiling
3.9000000000000004,14.604524755835008,4.999396081541167,0.6039184588328006,440.78974709440126,263.9331724211696,263.9331724211696,0.0,3134880.0431083967,1470725.7149468975,1154603.589223109,2794210.239477854,1639606.6502547453,0.19280363718619506,boiling
3.95,14.600198240691897,4.999438931451278,0.5610685487210951,440.2345187932825,263.93370810719534,263.93370810719534,0.0,3133117.1098015136,1440606.6295069633,1154606.2771444984,2794209.885577137,1639603.6084326387,0.17443261950116334,boiling
4.0,14.595877934195107,4.999478189161727,0.5218108382725137,439.6930092735828,263.9341988824359,263.9341988824359,0.0,3131396.7211227147,1410246.3405388796,1154608.73971922,2794209.561339915,1639600.8216206948,0.15591453568983318,boiling
4.05,14.591563658841473,4.999514188700001,0.4858112999988385,439.1646762136007,263.9346489234664,263.9346489234664,0.0,3129717.2858118084,1379642.1495837553,1154610.9979034215,2794209.2640085802,1639598.2661051587,0.13724773704164248,boiling
4.1000000000000005,14.587255243855477,4.999547283855653,0.4527161443462466,438.6490263074144,263.9350626537538,263.9350626537538,0.0,3128077.3612999646,1348791.402257887,1154613.0738922525,2794208.990662064,1639595.9167698114,0.11843060011285439,boiling
4.15,14.582952524557147,4.999577851063474,0.422148936525625,438.14560673814094,263.93544477971477,263.93544477971477,0.0,3126475.626911262,1317691.5164257064,1154614.9913007591,2794208.7381920363,1639593.7468912771,0.09946154371114532,boiling
4.2,14.578655341843595,4.999606293340611,0.3937066593885346,437.6539985230705,263.9358003399459,263.9358003399459,0.0,3124910.8629885437,1286340.0290748961,1154616.775410906,2794208.5032704053,1639591.7278594994,0.08033905723344675,boiling
4.25,14.574363541759075,4.999633046013462,0.36695398653882616,437.1738113154627,263.93613477682584,263.93613477682584,0.0,3123381.934639387,1254734.682182487,1154618.4535308548,2794208.2823020383,1639589.8287711835,0.0610617526986405,boiling
4.3,14.570076975134024,4.999658585860652,0.34141413934803144,436.70467932671534,263.93645405081884,263.93645405081884,0.0,3121887.779039793,1222873.605376961,1154620.0555685016,2794208.071349244,1639588.0157807425,0.041628475660672744,boiling
4.3500000000000005,14.56579549727796,4.999683448131153,0.3165518688478498,436.24625810435487,263.93676485321885,263.93676485321885,0.0,3120427.3954564,1190755.8247674566,1154621.6150989556,2794207.865991213,1639586.2508922573,0.022038614710776533,boiling
4.4,14.561518967714763,4.999708272088933,0.29172791106703005,435.7982219618078,263.9370751754948,263.9370751754948,0.0,3118999.837337952,1158384.4146800265,1154623.1722214057,2794207.660947817,1639584.4887264112,0.002294021738118813,boiling
4.45,14.557247249951553,4.999733037128858,0.2669628711418621,435.36026190465805,260.12396669158113,263.9373847600706,0.0,3117604.20598077,1135523.0330910382,1154624.7256433882,2794207.456389263,1639582.7307458746,0.0,subcooled
4.5,14.552980211274507,4.999757690699505,0.24230930049411128,434.9320839361808,255.41910220335058,263.93769295001925,0.0,3116239.645393886,1112230.2982419033,1154626.2720685925,2794207.2527496424,1639580.9806810499,0.0,subcooled
4.55,14.548717722566526,4.99978224056721,0.21775943278979312,434.5134076541723,250.56656897684263,263.9379998424422,0.0,3114905.338082594,1088496.1456911517,1154627.8119842377,2794207.0499648293,1639579.2379805916,0.0,subcooled
4.6000000000000005,14.544459658142863,4.999806694783585,0.19330521641483875,434.10396507315966,245.5645787261144,263.93830553800444,0.0,3113600.501539658,1064310.9939840843,1154629.3458954187,2794206.8479683376,1639577.502072919,0.0,subcooled
4.65,14.5402058956017,4.999831061748612,0.1689382513883259,433.7034996226138,240.4114262011974,263.9386101417249,0.0,3112324.3852863987,1039665.820872321,1154630.8743290852,2794206.646690802,1639575.772361717,0.0,subcooled
4.7,14.535956315687356,4.999855350277924,0.14464972207645507,433.3117652841015,235.1055263945894,263.93891376381646,0.0,3111076.26834534,1014552.2540773959,1154632.3978382512,2794206.44605942,1639574.0482211686,0.0,subcooled
4.75,14.531710802164305,4.999879569675207,0.12043032479373439,432.9285258394476,229.64545524118302,263.9392165205917,0.0,3109855.4570554374,988962.6779949329,1154633.9170065322,2794206.2459973567,1639572.3289908245,0.0,subcooled
4.800000000000001,14.527469241700496,4.999903729810675,0.09627018932586175,432.55355420873605,224.02999436294704,263.93951853544263,0.0,3108661.283162629,962890.3579564301,1154635.4324530857,2794206.046423095,1639570.6139700091,0.0,subcooled
4.8500000000000005,14.523231523758875,4.999927841206658,0.07215879334256943,432.18663186199956,218.25818042880064,263.9398199399119,0.0,3107493.1021345644,936329.5838891362,1154636.944837945,2794205.8472497244,1639568.9024117794,0.0,subcooled
4.9,14.518997540496107,4.999951915131412,0.04808486858913925,431.82754829215105,212.32935972181764,263.9401208748643,0.0,3106350.2916602846,909275.8354464372,1154638.4548679409,2794205.648384174,1639567.193516233,0.0,subcooled
4.95,14.514767186667724,4.999975963702347,0.024036297653222433,431.47610053948915,206.24324852925298,263.940421491777,0.0,3105232.250304523,881725.970934265,1154639.9633031562,2794205.449726353,1639565.4864231967,0.0,subcooled
5.0,14.510540359539043,5.0,0.0,431.13209276016937,200.0000000000067,263.94072195416504,0.0,3104138.396292884,853678.4426681934,1154641.4709640667,2794205.25116821,1639563.7802041434,0.0,subcooled
